id,first_name,last_name,email,gender,ip_address
1,Benjie,Currom,bcurrom0@pinterest.com,Male,107.148.120.98
2,Flori,Oloshin,foloshin1@e-recht24.de,Female,38.168.125.14
3,Annnora,Capstick,acapstick2@shareasale.com,Female,44.218.94.217
4,Garv,Gerlts,ggerlts3@alibaba.com,Male,3.210.20.79
5,Eziechiele,Eastbury,eeastbury4@intel.com,Male,252.100.146.65
6,Yuma,Randles,yrandles5@blogtalkradio.com,Male,194.56.21.199
7,Thomas,Mockes,tmockes6@tripadvisor.com,Male,5.228.194.77
8,Annelise,Triswell,atriswell7@tinypic.com,Female,55.101.36.186
9,Marijo,Somersett,msomersett8@photobucket.com,Genderqueer,24.32.204.240
10,Joey,Lage,jlage9@tamu.edu,Genderfluid,24.80.1.7
11,Neils,McGahy,nmcgahya@oracle.com,Male,20.117.167.13
12,Eleanora,Perceval,epercevalb@reuters.com,Female,30.61.206.200
13,Parrnell,Ciraldo,pciraldoc@blogspot.com,Male,52.185.39.140
14,Ansel,Brunelli,abrunellid@histats.com,Male,231.224.111.16
15,Petr,Winmill,pwinmille@mashable.com,Male,15.52.227.221
16,Melosa,Bryson,mbrysonf@nymag.com,Female,177.109.22.113
17,Saundra,Kelemen,skelemeng@reuters.com,Male,129.200.56.65
18,Itch,Gillio,igillioh@about.me,Male,120.147.33.162
19,Wald,Desorts,wdesortsi@example.com,Male,175.122.29.84
20,Ignacius,Lamswood,ilamswoodj@forbes.com,Male,26.90.162.152
21,Jehu,Trimble,jtrimblek@gmpg.org,Male,68.146.176.93
22,Vivien,Kettlestringe,vkettlestringel@guardian.co.uk,Female,85.85.249.47
23,Geri,Gofford,ggoffordm@dmoz.org,Male,141.11.12.126
24,Eudora,Kilgrew,ekilgrewn@toplist.cz,Female,181.113.83.207
25,Valerye,Eagle,veagleo@marriott.com,Female,218.233.0.58
26,Zaccaria,Scrafton,zscraftonp@newyorker.com,Male,123.85.120.15
27,Ethelred,Teissier,eteissierq@barnesandnoble.com,Male,101.167.122.81
28,Zena,Neilly,zneillyr@google.de,Female,11.250.195.97
29,Marlee,Peart,mpearts@indiegogo.com,Female,235.68.139.241
30,Dallis,Conws,dconwst@4shared.com,Male,80.133.194.27
31,Fernando,Banville,fbanvilleu@acquirethisname.com,Male,33.236.8.59
32,Gus,Van der Velde,gvanderveldev@so-net.ne.jp,Male,245.89.249.60
33,Roseann,Picken,rpickenw@oaic.gov.au,Female,250.107.126.114
34,Franciska,Libreros,flibrerosx@acquirethisname.com,Female,6.222.58.16
35,Alecia,Palfreman,apalfremany@comsenz.com,Female,58.100.143.211
36,Barry,Leuty,bleutyz@uol.com.br,Male,164.21.255.99
37,Farlee,Baitey,fbaitey10@amazon.com,Male,164.57.72.170
38,Conrado,Hrycek,chrycek11@ask.com,Male,179.126.73.200
39,Tracee,Heineke,theineke12@mapquest.com,Female,251.56.102.235
40,Esme,McGillicuddy,emcgillicuddy13@wikia.com,Agender,35.12.25.147
41,Stavros,Atwater,satwater14@baidu.com,Male,202.101.45.102
42,Gabie,Covolini,gcovolini15@facebook.com,Female,116.157.158.203
43,Leland,Potier,lpotier16@flickr.com,Male,76.238.20.251
44,Gardner,Dellenbrook,gdellenbrook17@chronoengine.com,Male,22.140.38.8
45,Eartha,Raphael,eraphael18@constantcontact.com,Genderqueer,89.83.155.212
46,Abram,Massei,amassei19@fotki.com,Male,59.137.112.170
47,Fritz,Ortmann,fortmann1a@upenn.edu,Male,207.45.200.102
48,Nealson,Dooman,ndooman1b@webeden.co.uk,Male,200.189.0.142
49,Carr,Beardshaw,cbeardshaw1c@blog.com,Male,246.192.187.59
50,Nettie,Dalliwater,ndalliwater1d@abc.net.au,Non-binary,152.232.75.178
51,Deb,Besemer,dbesemer1e@trellian.com,Female,201.27.30.130
52,Merci,Randerson,mranderson1f@geocities.jp,Female,225.142.13.176
53,Ezra,O'Geaney,eogeaney1g@diigo.com,Male,107.124.110.33
54,Quintus,Sergeaunt,qsergeaunt1h@blogtalkradio.com,Male,221.166.135.145
55,Wilmette,Macoun,wmacoun1i@nsw.gov.au,Female,79.144.103.34
56,Bertina,Niess,bniess1j@shop-pro.jp,Female,78.68.113.1
57,Ave,Miche,amiche1k@ocn.ne.jp,Male,93.150.40.11
58,Benedick,Mutter,bmutter1l@lycos.com,Bigender,182.185.65.192
59,Garfield,Edgeller,gedgeller1m@studiopress.com,Male,70.156.100.169
60,Trev,Meiklejohn,tmeiklejohn1n@hostgator.com,Male,179.67.144.190
61,Barnard,Garlett,bgarlett1o@cornell.edu,Male,59.98.97.159
62,Nettle,McGucken,nmcgucken1p@admin.ch,Female,150.244.248.235
63,Amy,Caldero,acaldero1q@bbc.co.uk,Female,174.108.52.187
64,Aluin,Themann,athemann1r@tinyurl.com,Bigender,59.242.178.31
65,Averell,Oggers,aoggers1s@phoca.cz,Male,222.86.156.135
66,Blane,Manthorpe,bmanthorpe1t@ed.gov,Polygender,148.147.56.233
67,Selia,Hargreave,shargreave1u@zdnet.com,Female,29.179.25.11
68,Bryon,Cottier,bcottier1v@virginia.edu,Male,240.250.89.4
69,Yale,Dymock,ydymock1w@guardian.co.uk,Male,64.66.93.110
70,Rafe,Chinnick,rchinnick1x@goo.gl,Male,150.110.72.224
71,Bernadina,Denes,bdenes1y@multiply.com,Female,170.54.229.36
72,Merrily,Myhill,mmyhill1z@sphinn.com,Female,252.184.134.5
73,Ana,Jodrellec,ajodrellec20@apache.org,Female,63.57.103.73
74,Deeann,Minnis,dminnis21@google.es,Female,147.143.45.224
75,Roseanna,Pickwell,rpickwell22@deliciousdays.com,Female,99.174.252.195
76,Sibel,Dearness,sdearness23@cdc.gov,Female,132.159.110.210
77,Calley,Lorimer,clorimer24@washingtonpost.com,Female,235.211.43.99
78,Louie,Truelove,ltruelove25@reddit.com,Male,138.163.41.231
79,Dulciana,Bortolini,dbortolini26@theatlantic.com,Female,107.149.71.177
80,Walther,Tickner,wtickner27@taobao.com,Male,153.3.95.43
81,Lamond,Clynmans,lclynmans28@blogtalkradio.com,Male,47.144.178.81
82,Danit,Cussen,dcussen29@timesonline.co.uk,Female,232.253.188.1
83,Meridith,Le Fleming,mlefleming2a@elegantthemes.com,Non-binary,189.148.130.253
84,Kristofer,Bocock,kbocock2b@myspace.com,Male,143.57.146.234
85,Homere,Ackeroyd,hackeroyd2c@is.gd,Male,55.136.161.114
86,Dolly,Kann,dkann2d@shop-pro.jp,Female,147.157.36.141
87,Corene,Pine,cpine2e@freewebs.com,Female,237.126.0.119
88,Pedro,Drance,pdrance2f@163.com,Male,163.249.131.26
89,Gwenni,Marchenko,gmarchenko2g@nih.gov,Female,239.122.197.18
90,Xena,Hann,xhann2h@nature.com,Female,205.97.133.251
91,Ax,Postgate,apostgate2i@homestead.com,Male,117.156.118.36
92,Merna,Bradtke,mbradtke2j@soundcloud.com,Female,105.238.115.112
93,Tildy,Drakers,tdrakers2k@vimeo.com,Female,235.93.191.197
94,Fania,Gilbert,fgilbert2l@redcross.org,Female,235.135.244.110
95,Mimi,Ranyell,mranyell2m@cisco.com,Female,207.92.141.44
96,Brandtr,Sustins,bsustins2n@google.fr,Male,208.249.173.44
97,Carmita,Perkin,cperkin2o@skyrock.com,Female,192.22.236.60
98,Poul,Klimas,pklimas2p@tinypic.com,Male,170.233.98.140
99,Nefen,Batrick,nbatrick2q@home.pl,Male,76.140.17.227
100,Torey,Sorton,tsorton2r@comsenz.com,Agender,225.240.20.218
101,Angel,Gudahy,agudahy2s@kickstarter.com,Female,95.224.77.187
102,Wenonah,Zylberdik,wzylberdik2t@japanpost.jp,Female,95.22.54.42
103,Nicolis,Durkin,ndurkin2u@bluehost.com,Male,89.195.87.203
104,Rodolphe,Burgisi,rburgisi2v@elpais.com,Male,56.194.220.129
105,Homer,Paddock,hpaddock2w@slate.com,Male,139.196.222.201
106,Goldie,Worsom,gworsom2x@feedburner.com,Female,14.188.242.198
107,Pepillo,Tort,ptort2y@theguardian.com,Male,62.9.112.67
108,Huntley,Kadwallider,hkadwallider2z@sitemeter.com,Male,13.90.152.68
109,Fowler,Sturmey,fsturmey30@google.com.au,Male,52.184.234.172
110,Gabbie,Hurring,ghurring31@arstechnica.com,Male,79.250.202.85
111,Fina,Pile,fpile32@seesaa.net,Female,130.84.49.236
112,Sharlene,Raveau,sraveau33@nymag.com,Female,133.102.28.98
113,Corry,Grocott,cgrocott34@java.com,Genderfluid,236.208.106.240
114,Moyra,McGavin,mmcgavin35@twitter.com,Female,50.175.30.8
115,Van,Crouse,vcrouse36@networkadvertising.org,Female,247.7.231.211
116,Emilee,Galier,egalier37@tamu.edu,Female,172.197.101.30
117,Gabrielle,Parratt,gparratt38@mayoclinic.com,Female,55.57.106.191
118,Claudia,Parfitt,cparfitt39@buzzfeed.com,Female,111.19.237.43
119,Irvine,Brownell,ibrownell3a@booking.com,Male,49.62.9.186
120,Verla,Adrain,vadrain3b@blinklist.com,Female,97.115.213.178
121,Hurlee,Felix,hfelix3c@state.tx.us,Non-binary,144.47.97.148
122,Louie,Gartland,lgartland3d@google.com.au,Male,102.137.104.130
123,Sheffie,Zavattieri,szavattieri3e@about.me,Male,125.161.178.82
124,Kahaleel,Pennetti,kpennetti3f@utexas.edu,Male,100.90.223.109
125,Trent,Ivey,tivey3g@furl.net,Male,81.143.197.143
126,Cecilia,McPeake,cmcpeake3h@shareasale.com,Female,248.198.129.122
127,Fredek,Freiburger,ffreiburger3i@cmu.edu,Male,52.47.200.22
128,Druci,Besson,dbesson3j@netvibes.com,Female,54.149.149.187
129,Kristofor,Barnicott,kbarnicott3k@themeforest.net,Male,112.80.248.160
130,Corly,McHaffy,cmchaffy3l@edublogs.org,Female,187.184.100.184
131,Morton,Goffe,mgoffe3m@ibm.com,Male,186.244.215.199
132,Joelle,Petts,jpetts3n@dropbox.com,Female,236.76.238.70
133,Maxy,Romanet,mromanet3o@scribd.com,Male,163.96.194.130
134,Osgood,Nicklen,onicklen3p@hatena.ne.jp,Male,234.98.145.102
135,Meta,Teas,mteas3q@alibaba.com,Female,94.140.96.93
136,Iago,Renfree,irenfree3r@hc360.com,Polygender,213.51.25.56
137,Alyse,Geikie,ageikie3s@amazon.co.uk,Female,45.61.78.121
138,Joice,Passe,jpasse3t@kickstarter.com,Female,223.172.218.7
139,Karlee,Demageard,kdemageard3u@cisco.com,Female,190.27.127.140
140,Lazaro,de Clercq,ldeclercq3v@example.com,Bigender,58.109.68.78
141,Lori,Agott,lagott3w@mayoclinic.com,Non-binary,218.119.48.92
142,Dulsea,Reast,dreast3x@wsj.com,Female,243.102.86.212
143,Bernie,Rubury,brubury3y@adobe.com,Female,65.243.136.144
144,Nil,Clubbe,nclubbe3z@booking.com,Male,22.160.136.204
145,Frederich,Moffat,fmoffat40@php.net,Male,142.192.223.177
146,Cassandre,McClay,cmcclay41@yale.edu,Female,200.36.56.198
147,Jayne,McBay,jmcbay42@gizmodo.com,Female,34.153.2.47
148,Julienne,Cheyney,jcheyney43@apple.com,Female,187.226.255.103
149,Emma,Nangle,enangle44@4shared.com,Female,216.220.197.155
150,Stacee,Harse,sharse45@google.co.jp,Female,242.39.123.153
151,Thaine,Von Der Empten,tvonderempten46@weebly.com,Male,144.150.69.237
152,Gertruda,Bordone,gbordone47@netlog.com,Female,50.224.49.175
153,Bale,Petre,bpetre48@ifeng.com,Male,138.16.64.183
154,Tim,Sowle,tsowle49@salon.com,Male,253.53.76.250
155,Costa,Kildale,ckildale4a@skyrock.com,Male,213.137.185.206
156,Dorian,Raddon,draddon4b@buzzfeed.com,Female,7.108.143.251
157,Kellie,Lailey,klailey4c@accuweather.com,Female,34.126.149.51
158,Moss,Stollenbeck,mstollenbeck4d@topsy.com,Male,57.234.7.7
159,Doug,Priddey,dpriddey4e@xinhuanet.com,Male,203.91.23.32
160,Ferd,Gair,fgair4f@jimdo.com,Male,78.221.151.19
161,Goraud,Caley,gcaley4g@xinhuanet.com,Male,232.130.55.17
162,Burt,Coursor,bcoursor4h@cocolog-nifty.com,Male,186.23.200.28
163,Gustaf,Kiledal,gkiledal4i@ed.gov,Genderfluid,215.222.230.138
164,Udale,Heddan,uheddan4j@last.fm,Male,107.75.44.164
165,Carley,Sandcroft,csandcroft4k@ucla.edu,Female,172.148.183.38
166,Gustavus,Chicchelli,gchicchelli4l@gravatar.com,Male,166.199.154.58
167,Nessie,Klauber,nklauber4m@indiegogo.com,Female,252.174.160.5
168,Rolf,De Bernardi,rdebernardi4n@nature.com,Male,90.137.96.152
169,Fedora,Coddington,fcoddington4o@1und1.de,Bigender,64.253.184.228
170,Aurelie,Capun,acapun4p@freewebs.com,Female,57.80.43.222
171,Carole,Pedden,cpedden4q@xing.com,Female,192.56.10.10
172,Vivia,Byne,vbyne4r@sogou.com,Female,249.107.34.192
173,Lothaire,Lelievre,llelievre4s@rediff.com,Male,61.201.247.164
174,Maurice,Rupert,mrupert4t@w3.org,Male,164.172.169.75
175,Caye,Perfitt,cperfitt4u@netvibes.com,Female,1.184.232.146
176,Margareta,Nare,mnare4v@elegantthemes.com,Female,207.38.57.114
177,Abbye,Crowley,acrowley4w@shop-pro.jp,Female,10.215.161.11
178,Luis,Plaistowe,lplaistowe4x@va.gov,Male,146.226.6.12
179,Maurizia,Lambrecht,mlambrecht4y@elegantthemes.com,Female,144.59.204.201
180,Xylia,Besant,xbesant4z@washington.edu,Genderfluid,68.132.139.223
181,Lizzy,Perche,lperche50@cloudflare.com,Female,234.206.248.166
182,Wallis,Wale,wwale51@angelfire.com,Male,173.184.150.86
183,Borg,Farge,bfarge52@github.com,Male,144.211.144.228
184,Gabie,Eade,geade53@w3.org,Female,242.135.173.193
185,Korella,Hazard,khazard54@xing.com,Female,185.98.107.153
186,Beulah,Hebbron,bhebbron55@joomla.org,Female,22.171.216.183
187,Cati,John,cjohn56@virginia.edu,Female,83.22.187.240
188,Rochella,Ibbott,ribbott57@networkadvertising.org,Female,242.207.199.98
189,Helge,Hunting,hhunting58@mapquest.com,Female,207.131.138.87
190,Tanney,Yurenin,tyurenin59@examiner.com,Male,175.100.99.6
191,Ricki,Stenett,rstenett5a@hibu.com,Genderqueer,0.232.108.8
192,Jolynn,Winning,jwinning5b@yahoo.com,Female,214.34.103.25
193,Netty,Barbey,nbarbey5c@twitter.com,Female,93.197.98.89
194,Hiram,McDonnell,hmcdonnell5d@epa.gov,Male,146.154.214.143
195,Ingeberg,Hanford,ihanford5e@zdnet.com,Female,228.74.184.166
196,Willy,Belvard,wbelvard5f@netscape.com,Female,195.255.62.200
197,Cecilla,Stitfall,cstitfall5g@salon.com,Female,46.52.191.16
198,Lizzy,Benoix,lbenoix5h@nytimes.com,Female,30.249.58.65
199,Jorgan,De Lorenzo,jdelorenzo5i@printfriendly.com,Male,155.239.95.129
200,Bee,Perrington,bperrington5j@cbc.ca,Female,104.182.0.170
201,Kamillah,Blatcher,kblatcher5k@globo.com,Genderqueer,18.228.150.94
202,Leona,Cowp,lcowp5l@uiuc.edu,Female,168.86.217.240
203,Tansy,McDell,tmcdell5m@ifeng.com,Female,70.190.22.187
204,Christalle,Trenoweth,ctrenoweth5n@histats.com,Female,143.109.7.231
205,Coop,Tennison,ctennison5o@nydailynews.com,Male,26.143.36.189
206,Lauretta,Tankin,ltankin5p@ow.ly,Female,192.74.6.25
207,Chandra,Langham,clangham5q@icio.us,Female,37.79.191.184
208,Hazel,Akred,hakred5r@pcworld.com,Male,0.15.180.137
209,Stirling,Besque,sbesque5s@google.ru,Male,58.39.153.38
210,Laure,MacFayden,lmacfayden5t@google.de,Genderfluid,11.4.23.71
211,Dimitri,Ricson,dricson5u@altervista.org,Male,199.246.134.13
212,Blair,Brickham,bbrickham5v@ox.ac.uk,Male,179.125.196.97
213,Dorrie,Bridgland,dbridgland5w@odnoklassniki.ru,Female,132.249.121.8
214,Tate,Kryszkiecicz,tkryszkiecicz5x@shinystat.com,Female,45.55.239.15
215,Ameline,Fitkin,afitkin5y@phpbb.com,Female,109.174.83.17
216,Lavina,Finnes,lfinnes5z@twitpic.com,Female,17.27.141.197
217,Kalinda,Boynes,kboynes60@prnewswire.com,Female,252.142.199.198
218,Donielle,Yellep,dyellep61@salon.com,Female,66.167.63.93
219,Stormy,Hussey,shussey62@nhs.uk,Genderqueer,220.95.192.237
220,Jade,Davidou,jdavidou63@usa.gov,Female,158.2.192.68
221,Zacharie,Northin,znorthin64@weibo.com,Male,136.52.92.172
222,Amandie,Clement,aclement65@dion.ne.jp,Female,155.198.157.207
223,Darrick,Lamlin,dlamlin66@engadget.com,Male,226.21.215.72
224,Seth,Walkington,swalkington67@t-online.de,Male,115.47.185.41
225,Oswald,Hebburn,ohebburn68@behance.net,Genderqueer,84.76.60.132
226,Laurianne,Leith,lleith69@barnesandnoble.com,Female,69.248.219.28
227,Kylen,Chetwin,kchetwin6a@friendfeed.com,Female,127.115.226.84
228,Bab,Hens,bhens6b@github.io,Female,44.113.181.167
229,Humberto,Ridsdale,hridsdale6c@google.com.hk,Male,215.2.135.246
230,Desdemona,Fantin,dfantin6d@weather.com,Female,150.132.128.202
231,Weber,Tomkiss,wtomkiss6e@addthis.com,Male,233.11.239.1
232,Doro,Akess,dakess6f@hubpages.com,Non-binary,122.49.253.191
233,Lila,Foad,lfoad6g@dmoz.org,Female,182.154.67.28
234,Archibaldo,Deniscke,adeniscke6h@earthlink.net,Male,81.23.229.44
235,Caren,Rigardeau,crigardeau6i@disqus.com,Female,64.63.156.19
236,Angeline,Brabender,abrabender6j@un.org,Female,235.55.234.49
237,Jolie,Sketch,jsketch6k@ft.com,Female,185.167.68.243
238,Sheilakathryn,Cocke,scocke6l@drupal.org,Female,6.56.190.120
239,Alisander,Garvill,agarvill6m@slate.com,Male,199.22.175.96
240,Mario,Pinock,mpinock6n@virginia.edu,Male,109.182.144.250
241,Vevay,Scramage,vscramage6o@samsung.com,Female,68.135.207.240
242,Melessa,Duckett,mduckett6p@weather.com,Female,61.170.192.88
243,Kikelia,Gooddy,kgooddy6q@aol.com,Female,147.38.148.251
244,Maudie,Dowbakin,mdowbakin6r@dailymail.co.uk,Female,140.144.168.245
245,Carlota,Playfoot,cplayfoot6s@reuters.com,Female,250.194.76.5
246,Sandy,Haycraft,shaycraft6t@google.cn,Male,223.27.141.191
247,Sheeree,Spurritt,sspurritt6u@ebay.com,Female,254.157.97.163
248,Dorey,Middas,dmiddas6v@wsj.com,Male,241.84.219.116
249,Bernarr,Corse,bcorse6w@mashable.com,Male,159.166.100.71
250,Ayn,Swabey,aswabey6x@delicious.com,Female,66.99.128.203
251,Ripley,Nutten,rnutten6y@un.org,Male,76.172.83.226
252,Pincus,Horbart,phorbart6z@cafepress.com,Male,3.106.230.4
253,Celestia,Moulsdall,cmoulsdall70@upenn.edu,Female,110.187.217.150
254,Orbadiah,Macken,omacken71@nature.com,Male,98.74.95.15
255,Webster,McPhillips,wmcphillips72@redcross.org,Male,31.145.65.78
256,Bobina,Biglin,bbiglin73@github.com,Female,154.194.212.164
257,Elvina,Titchard,etitchard74@accuweather.com,Female,29.145.152.253
258,Natalina,Guilliatt,nguilliatt75@nps.gov,Female,69.171.165.198
259,Konstanze,Swanwick,kswanwick76@exblog.jp,Female,119.35.77.57
260,Jacquelyn,Pietz,jpietz77@artisteer.com,Female,126.231.52.62
261,Fidelio,Mousley,fmousley78@google.es,Male,212.8.111.212
262,Tobie,Shoppee,tshoppee79@homestead.com,Male,198.192.238.29
263,Eal,Brosetti,ebrosetti7a@vinaora.com,Male,111.10.201.193
264,Steward,Brearty,sbrearty7b@google.com,Male,157.102.142.163
265,Adams,Koene,akoene7c@nbcnews.com,Male,249.1.165.105
266,Antonetta,Ranns,aranns7d@amazon.de,Female,118.98.159.96
267,Terese,Thormwell,tthormwell7e@sakura.ne.jp,Female,245.113.228.245
268,Elbertina,Josham,ejosham7f@hud.gov,Female,59.134.192.51
269,Nicoline,Stockney,nstockney7g@microsoft.com,Female,165.45.17.124
270,Llywellyn,Samwayes,lsamwayes7h@unicef.org,Male,131.191.146.212
271,Blondie,Borris,bborris7i@wordpress.org,Female,67.4.241.9
272,Danette,Farebrother,dfarebrother7j@51.la,Female,220.225.190.172
273,Wyn,Lumley,wlumley7k@webnode.com,Polygender,203.43.25.217
274,Zola,Jorgesen,zjorgesen7l@tinyurl.com,Female,238.227.179.28
275,Jabez,Benton,jbenton7m@aol.com,Male,57.63.92.186
276,Hube,Biffen,hbiffen7n@networkadvertising.org,Male,59.32.183.18
277,Nessa,Scallon,nscallon7o@comsenz.com,Female,3.65.31.66
278,Reeta,Maunder,rmaunder7p@technorati.com,Female,208.24.204.200
279,Gerhard,Fairburn,gfairburn7q@jiathis.com,Male,226.200.145.176
280,Gussi,Crowth,gcrowth7r@msn.com,Female,77.195.187.42
281,Roxane,Fitzmaurice,rfitzmaurice7s@mac.com,Female,192.197.9.61
282,Justine,Gobourn,jgobourn7t@phoca.cz,Female,3.218.147.253
283,Ibby,Amberger,iamberger7u@blogger.com,Female,231.176.100.142
284,Marga,Gwyllt,mgwyllt7v@fda.gov,Female,111.248.198.205
285,Laurene,Woollaston,lwoollaston7w@youtube.com,Genderqueer,25.54.87.2
286,Sayer,Birkwood,sbirkwood7x@ed.gov,Male,71.214.213.104
287,Bar,Alderson,balderson7y@usa.gov,Male,2.179.11.30
288,Maxine,Vanyashin,mvanyashin7z@mashable.com,Bigender,137.143.86.9
289,Murdock,Swinerd,mswinerd80@scientificamerican.com,Male,109.22.83.204
290,Alexander,Wollacott,awollacott81@oaic.gov.au,Male,128.111.224.31
291,Weidar,Szach,wszach82@g.co,Male,126.11.157.147
292,Vladamir,Biddiss,vbiddiss83@weebly.com,Male,124.152.199.104
293,Devlen,Waterhous,dwaterhous84@odnoklassniki.ru,Male,28.211.131.204
294,Salomi,Harlowe,sharlowe85@state.tx.us,Female,145.171.1.238
295,Griz,Spurden,gspurden86@google.com.br,Male,106.226.135.75
296,Evelyn,Argyle,eargyle87@sakura.ne.jp,Male,64.33.162.110
297,Frederico,Quickenden,fquickenden88@webnode.com,Male,133.107.236.27
298,Forrester,Wagstaffe,fwagstaffe89@gravatar.com,Male,182.48.65.180
299,Donnie,Kovalski,dkovalski8a@cyberchimps.com,Male,138.12.172.237
300,Hillery,Abbey,habbey8b@arstechnica.com,Agender,151.95.152.110
301,Elvyn,Kirsch,ekirsch8c@live.com,Male,50.3.134.203
302,Mohandas,Keeping,mkeeping8d@fc2.com,Agender,131.40.233.67
303,Jeri,Lening,jlening8e@ebay.co.uk,Female,224.72.162.149
304,Jarrett,Groneway,jgroneway8f@soup.io,Male,42.255.162.8
305,Vernice,Jaimez,vjaimez8g@mlb.com,Female,5.136.105.81
306,Valli,Bissiker,vbissiker8h@jalbum.net,Female,66.121.173.108
307,Delainey,Orford,dorford8i@tuttocitta.it,Male,91.13.223.190
308,Kimbell,Farnill,kfarnill8j@usnews.com,Male,52.136.127.0
309,Shirl,Thickens,sthickens8k@businessinsider.com,Female,198.146.159.202
310,Aldric,Reichert,areichert8l@oakley.com,Genderfluid,255.242.66.22
311,Hilario,Danielian,hdanielian8m@accuweather.com,Male,58.250.29.137
312,Louise,Yokley,lyokley8n@europa.eu,Female,182.206.185.199
313,Gard,Shattock,gshattock8o@xing.com,Male,93.135.225.45
314,Natty,Gilbane,ngilbane8p@livejournal.com,Female,16.33.23.203
315,Orson,Vowden,ovowden8q@alibaba.com,Male,79.152.46.50
316,Myron,Buncher,mbuncher8r@canalblog.com,Male,66.181.187.92
317,Algernon,Poulson,apoulson8s@usatoday.com,Male,255.189.201.195
318,Gerti,Glas,gglas8t@nps.gov,Female,168.64.130.180
319,Coralie,McDunlevy,cmcdunlevy8u@ox.ac.uk,Female,94.66.174.48
320,Charline,Carletti,ccarletti8v@google.co.jp,Female,118.187.38.207
321,Anstice,Beedon,abeedon8w@abc.net.au,Female,0.132.117.120
322,Dominick,Ruter,druter8x@theatlantic.com,Male,234.201.131.162
323,Nikolos,Shelper,nshelper8y@epa.gov,Male,25.194.154.128
324,Meris,Brilleman,mbrilleman8z@ucoz.ru,Female,208.227.188.191
325,Dino,Kirkbright,dkirkbright90@amazon.de,Male,58.143.174.168
326,Sheeree,Martynikhin,smartynikhin91@weather.com,Female,87.52.100.172
327,Stern,Bartley,sbartley92@phoca.cz,Male,198.175.183.159
328,Ezequiel,Wildes,ewildes93@reference.com,Male,169.233.115.68
329,Earle,Dronsfield,edronsfield94@linkedin.com,Male,203.82.218.190
330,Wendel,Gianotti,wgianotti95@timesonline.co.uk,Male,71.13.2.144
331,Kati,Langworthy,klangworthy96@typepad.com,Female,244.68.38.0
332,Reine,Sloam,rsloam97@princeton.edu,Female,7.64.29.182
333,Berke,Packe,bpacke98@hatena.ne.jp,Genderqueer,56.235.184.29
334,Elaine,Mottley,emottley99@ihg.com,Female,151.62.182.229
335,Orel,Thaim,othaim9a@nhs.uk,Female,132.171.51.177
336,Price,Seacroft,pseacroft9b@virginia.edu,Male,88.71.168.64
337,Rosaleen,Coolbear,rcoolbear9c@theglobeandmail.com,Female,83.195.66.170
338,Tilda,Elsay,telsay9d@purevolume.com,Female,253.177.108.109
339,Hendrik,Terron,hterron9e@mac.com,Male,53.208.251.11
340,Barnie,Drife,bdrife9f@1und1.de,Male,125.151.213.12
341,Chrystel,De Maria,cdemaria9g@lulu.com,Female,120.111.163.8
342,Rik,Gilbride,rgilbride9h@mediafire.com,Male,10.214.217.144
343,Fred,Roads,froads9i@reddit.com,Non-binary,68.17.80.17
344,Erica,Raw,eraw9j@goodreads.com,Non-binary,63.218.40.72
345,Orson,Linebarger,olinebarger9k@amazon.com,Male,61.205.59.220
346,Teresina,Mozzi,tmozzi9l@ucoz.com,Female,83.58.6.191
347,Genny,Clifton,gclifton9m@fda.gov,Female,237.50.88.87
348,Rhodie,Vallender,rvallender9n@nasa.gov,Female,75.8.54.220
349,Walker,Allcock,wallcock9o@engadget.com,Male,241.188.24.130
350,Catlaina,Muncey,cmuncey9p@hhs.gov,Female,51.162.6.203
351,Stepha,Courteney,scourteney9q@wsj.com,Female,106.238.228.34
352,Fanchon,Tilliards,ftilliards9r@hao123.com,Female,40.146.39.149
353,Art,Gash,agash9s@ifeng.com,Male,66.181.102.61
354,Augy,Fesby,afesby9t@moonfruit.com,Male,182.26.124.111
355,Shaina,Spinella,sspinella9u@dedecms.com,Female,97.248.106.116
356,Gisela,Woodroffe,gwoodroffe9v@bloglines.com,Female,143.143.85.132
357,Lou,Struys,lstruys9w@de.vu,Female,113.19.186.228
358,Peder,Waples,pwaples9x@bloomberg.com,Male,136.237.15.85
359,Cheryl,Peller,cpeller9y@posterous.com,Female,154.144.47.210
360,Annamaria,Sainz,asainz9z@usa.gov,Female,204.113.161.33
361,Sosanna,Greenhough,sgreenhougha0@usgs.gov,Female,163.99.85.76
362,Welsh,Benford,wbenforda1@fotki.com,Male,25.155.38.15
363,Lorilyn,Sigsworth,lsigswortha2@networksolutions.com,Genderqueer,175.94.145.215
364,Korney,Teece,kteecea3@usa.gov,Female,45.91.239.130
365,Karlan,Yakovitch,kyakovitcha4@jimdo.com,Male,154.102.255.39
366,Chrisse,Siney,csineya5@oaic.gov.au,Male,158.226.44.201
367,Yuri,Scarsbrooke,yscarsbrookea6@toplist.cz,Male,212.65.208.110
368,Anselma,Crosetti,acrosettia7@dailymotion.com,Female,115.235.21.224
369,Bridgette,Herche,bherchea8@domainmarket.com,Female,182.107.85.90
370,Towny,Lissemore,tlissemorea9@exblog.jp,Male,4.208.125.216
371,Shauna,Scorrer,sscorreraa@cam.ac.uk,Female,56.107.234.161
372,Kellyann,Creeboe,kcreeboeab@zdnet.com,Non-binary,245.88.243.54
373,Goldie,Smalecombe,gsmalecombeac@si.edu,Female,179.55.3.61
374,Gertie,Pittel,gpittelad@ucla.edu,Female,137.29.214.16
375,Naoma,Clooney,nclooneyae@wsj.com,Genderfluid,243.124.188.141
376,Elyssa,Renny,erennyaf@icio.us,Female,155.233.154.110
377,Manda,Shelf,mshelfag@hao123.com,Female,233.238.78.51
378,Faustina,Shirtcliffe,fshirtcliffeah@edublogs.org,Female,57.106.167.203
379,Rivkah,Myrkus,rmyrkusai@google.fr,Female,241.169.49.231
380,Marthena,Ferrini,mferriniaj@skyrock.com,Polygender,132.211.187.60
381,Shelby,Selesnick,sselesnickak@ifeng.com,Male,238.170.145.102
382,Thaine,Bodycote,tbodycoteal@skype.com,Male,29.68.150.184
383,Dory,Hammonds,dhammondsam@mozilla.com,Female,142.19.107.137
384,Jorge,McTrustam,jmctrustaman@buzzfeed.com,Male,145.205.145.69
385,Menard,Relfe,mrelfeao@squarespace.com,Male,37.115.242.63
386,Cordy,Cunniffe,ccunniffeap@vinaora.com,Male,90.58.189.82
387,Pam,Waltho,pwalthoaq@squarespace.com,Female,40.130.144.116
388,Daria,Dimeloe,ddimeloear@spotify.com,Female,215.198.161.69
389,Cecilia,Patchett,cpatchettas@yelp.com,Female,124.200.80.241
390,Rena,Fazzioli,rfazzioliat@marketwatch.com,Non-binary,49.184.8.90
391,Lindi,Fludder,lfludderau@aboutads.info,Female,145.195.169.111
392,Albina,Dahlback,adahlbackav@yale.edu,Agender,158.18.230.38
393,Nicolas,Reschke,nreschkeaw@ning.com,Male,91.5.51.43
394,Brad,MacAvaddy,bmacavaddyax@technorati.com,Male,238.107.29.180
395,Clyde,Phair,cphairay@nsw.gov.au,Male,94.24.71.14
396,Tanhya,Sinnat,tsinnataz@freewebs.com,Female,50.76.158.203
397,Corella,Bowe,cboweb0@spiegel.de,Female,233.5.196.22
398,Gaylor,Bennett,gbennettb1@foxnews.com,Male,202.130.246.243
399,Wilie,Sedworth,wsedworthb2@is.gd,Female,197.129.205.73
400,Jillayne,Fosbraey,jfosbraeyb3@cam.ac.uk,Bigender,76.221.88.157
401,Alfi,Barrand,abarrandb4@nbcnews.com,Female,162.91.68.11
402,Marta,Eskell,meskellb5@simplemachines.org,Female,0.7.110.86
403,Lind,Musson,lmussonb6@dailymotion.com,Male,57.61.80.1
404,Maia,Witheford,mwithefordb7@parallels.com,Female,241.30.156.233
405,Brendin,Dicke,bdickeb8@biglobe.ne.jp,Male,11.32.244.248
406,Neddy,Zucker,nzuckerb9@techcrunch.com,Male,75.178.53.236
407,Nikolaos,Chellam,nchellamba@elpais.com,Male,151.100.200.36
408,Kippar,Kelloch,kkellochbb@friendfeed.com,Male,185.182.215.30
409,Vin,Ewells,vewellsbc@hexun.com,Male,18.159.73.34
410,Rodolph,Strathdee,rstrathdeebd@instagram.com,Male,188.142.76.124
411,Francisco,Kalvin,fkalvinbe@list-manage.com,Male,87.150.77.231
412,Amandie,Pohlke,apohlkebf@aboutads.info,Female,68.41.137.128
413,Henrik,Worham,hworhambg@topsy.com,Male,230.239.173.140
414,Eugenius,Scholcroft,escholcroftbh@weebly.com,Male,98.222.45.191
415,Rhonda,Pionter,rpionterbi@flavors.me,Female,247.112.49.249
416,Ulysses,Bilovsky,ubilovskybj@microsoft.com,Male,122.11.4.15
417,Bailey,Pocknell,bpocknellbk@businessinsider.com,Male,224.222.76.16
418,Laetitia,Tiesman,ltiesmanbl@ow.ly,Female,45.93.168.212
419,Jessie,Artz,jartzbm@army.mil,Agender,106.148.240.21
420,Tomi,Farney,tfarneybn@purevolume.com,Female,179.76.136.135
421,Dulci,Truss,dtrussbo@ucla.edu,Female,101.102.58.226
422,Thomasa,Lavalle,tlavallebp@eepurl.com,Female,107.162.165.143
423,Michail,Ibbitt,mibbittbq@spotify.com,Male,76.6.19.166
424,Zondra,Fabbro,zfabbrobr@cargocollective.com,Female,160.136.122.60
425,Marquita,Heliar,mheliarbs@umn.edu,Female,199.80.70.242
426,Izzy,Garr,igarrbt@wired.com,Male,4.67.159.249
427,Hussein,Whyte,hwhytebu@si.edu,Male,2.40.20.105
428,Dru,Beaton,dbeatonbv@webeden.co.uk,Female,49.175.3.225
429,Laney,Buie,lbuiebw@smh.com.au,Female,105.14.251.61
430,Mahmoud,Stockman,mstockmanbx@icq.com,Male,209.44.135.204
431,Linda,Janca,ljancaby@dropbox.com,Female,233.242.230.185
432,Nathaniel,Kardos,nkardosbz@hc360.com,Male,169.205.199.61
433,Muffin,Andersson,manderssonc0@icq.com,Female,128.105.58.97
434,Barbaraanne,Smithin,bsmithinc1@patch.com,Female,39.226.90.240
435,Nannette,Jakel,njakelc2@list-manage.com,Female,72.99.221.167
436,Carver,Krishtopaittis,ckrishtopaittisc3@discuz.net,Male,191.240.227.143
437,Kory,Skene,kskenec4@pinterest.com,Male,23.157.242.61
438,Jerry,Shepeard,jshepeardc5@patch.com,Female,60.58.239.67
439,Anallese,Krienke,akrienkec6@unesco.org,Female,56.105.168.29
440,Katerine,Danell,kdanellc7@barnesandnoble.com,Female,200.3.38.236
441,Nanice,Griswood,ngriswoodc8@salon.com,Female,128.235.20.198
442,Tabbie,Tubby,ttubbyc9@spotify.com,Male,138.92.154.39
443,Caryn,Kitter,ckitterca@topsy.com,Female,30.46.141.139
444,Jule,Robinett,jrobinettcb@nationalgeographic.com,Male,239.183.169.44
445,Jennilee,Windaybank,jwindaybankcc@jalbum.net,Female,18.242.36.121
446,Costa,Scholling,cschollingcd@cloudflare.com,Male,112.202.197.148
447,Maryann,Kerman,mkermance@wordpress.com,Bigender,255.247.23.66
448,Eunice,Deverille,edeverillecf@stanford.edu,Polygender,154.54.8.65
449,Winslow,Tuffell,wtuffellcg@ca.gov,Male,99.186.68.79
450,Issi,Oxtiby,ioxtibych@ox.ac.uk,Female,78.30.193.253
451,Shae,Shilton,sshiltonci@merriam-webster.com,Female,19.38.209.209
452,Maurie,Miche,mmichecj@typepad.com,Male,226.158.182.149
453,Terra,Casina,tcasinack@so-net.ne.jp,Agender,205.146.182.181
454,Lorette,Bockings,lbockingscl@nsw.gov.au,Female,4.75.255.190
455,Row,Dwire,rdwirecm@cbslocal.com,Female,211.117.251.202
456,Yale,Caress,ycaresscn@goo.gl,Male,90.247.91.15
457,Linda,Gravie,lgravieco@theatlantic.com,Female,119.127.106.203
458,Rubia,Heibel,rheibelcp@wix.com,Female,79.170.24.229
459,Katerina,Chalfont,kchalfontcq@vimeo.com,Female,73.49.226.77
460,Dacy,Dexter,ddextercr@mozilla.org,Female,143.187.45.3
461,Ariel,Ayshford,aayshfordcs@npr.org,Bigender,135.90.79.242
462,Thorn,Brownsey,tbrownseyct@addthis.com,Male,224.142.94.134
463,Richart,Shyres,rshyrescu@umn.edu,Male,89.185.102.34
464,Gilberta,Wooder,gwoodercv@weebly.com,Female,146.35.110.100
465,Rozella,Bessent,rbessentcw@java.com,Agender,120.132.197.220
466,Rhona,Amner,ramnercx@phoca.cz,Female,175.213.234.14
467,Brita,Hubbock,bhubbockcy@liveinternet.ru,Female,20.23.59.143
468,Raymund,Thebes,rthebescz@theatlantic.com,Genderqueer,141.151.76.94
469,Dulcy,Siaskowski,dsiaskowskid0@twitpic.com,Genderqueer,32.179.124.54
470,Orin,Chatel,ochateld1@sciencedirect.com,Genderqueer,160.194.242.199
471,Salomi,Laughren,slaughrend2@buzzfeed.com,Female,251.121.206.176
472,Barri,Emanulsson,bemanulssond3@goo.gl,Male,214.126.155.165
473,Dorthea,Jereatt,djereattd4@china.com.cn,Female,92.206.5.38
474,Anica,Carverhill,acarverhilld5@pbs.org,Female,53.33.222.198
475,Gilberto,Ruffler,grufflerd6@bing.com,Male,61.224.139.223
476,Andromache,Lake,alaked7@friendfeed.com,Female,125.46.145.71
477,Otes,Earwicker,oearwickerd8@github.io,Male,92.136.87.82
478,Pierce,Hanscombe,phanscombed9@cafepress.com,Male,160.27.0.138
479,Cori,Hertwell,chertwellda@ucsd.edu,Male,28.148.181.178
480,Quintina,McQuirk,qmcquirkdb@cargocollective.com,Female,69.7.128.132
481,Cissy,Greenleaf,cgreenleafdc@ca.gov,Female,212.27.127.81
482,Milty,Dring,mdringdd@sciencedirect.com,Male,171.250.244.39
483,Zitella,Ruberry,zruberryde@ehow.com,Female,183.40.124.145
484,Candis,Jirka,cjirkadf@facebook.com,Female,17.55.30.206
485,Queenie,Rigg,qriggdg@123-reg.co.uk,Female,117.33.64.204
486,Griffy,McGeachey,gmcgeacheydh@istockphoto.com,Male,255.135.18.155
487,Humfrey,Dowears,hdowearsdi@salon.com,Male,48.168.162.136
488,Batsheva,Linskey,blinskeydj@timesonline.co.uk,Female,9.32.172.203
489,Orin,Thom,othomdk@bandcamp.com,Male,222.242.8.42
490,Renata,Vice,rvicedl@usgs.gov,Female,30.126.163.56
491,Jazmin,Storrock,jstorrockdm@bloglines.com,Female,34.64.114.181
492,Erhart,Heinemann,eheinemanndn@cisco.com,Male,163.83.18.231
493,Florette,Praundlin,fpraundlindo@surveymonkey.com,Female,156.236.165.159
494,Garrik,Elkington,gelkingtondp@reference.com,Male,80.218.62.178
495,Neron,Shera,nsheradq@free.fr,Male,79.242.124.10
496,Gertruda,Benjefield,gbenjefielddr@europa.eu,Female,212.6.151.6
497,Michail,Tunn,mtunnds@youtube.com,Genderfluid,230.15.205.4
498,Tomkin,Tingle,ttingledt@purevolume.com,Male,15.21.219.28
499,Jaynell,MacAskill,jmacaskilldu@statcounter.com,Genderfluid,24.39.157.206
500,Desmond,Sepey,dsepeydv@skyrock.com,Male,20.159.26.156
501,Glenn,Cathrae,gcathraedw@delicious.com,Female,170.67.184.77
502,Palm,Blacklawe,pblacklawedx@usgs.gov,Male,172.24.105.28
503,Abdul,Rottgers,arottgersdy@homestead.com,Male,235.20.13.40
504,Kerri,Comello,kcomellodz@a8.net,Female,32.28.216.77
505,Crystie,McCurtin,cmccurtine0@disqus.com,Female,143.211.132.68
506,Aeriell,Iddiens,aiddiense1@google.ca,Female,23.99.121.35
507,Rafaello,Sawnwy,rsawnwye2@census.gov,Male,9.33.201.126
508,Carol-jean,Ballantyne,cballantynee3@example.com,Genderfluid,216.183.185.110
509,Heather,Joseff,hjoseffe4@ca.gov,Female,147.75.182.179
510,Dalis,Ungerechts,dungerechtse5@flavors.me,Male,203.146.144.219
511,Flora,Jopp,fjoppe6@ihg.com,Female,8.10.220.60
512,Tuesday,Odom,todome7@japanpost.jp,Female,42.239.225.169
513,Jillana,Glaves,jglavese8@dedecms.com,Female,105.218.238.213
514,Pip,Lared,plarede9@moonfruit.com,Male,62.10.4.8
515,Pip,Paintain,ppaintainea@uiuc.edu,Male,234.66.47.223
516,Amitie,Figgures,afiggureseb@odnoklassniki.ru,Female,10.221.85.250
517,Coralie,Towhey,ctowheyec@drupal.org,Female,55.219.33.132
518,Caryl,Horning,chorninged@illinois.edu,Male,185.61.137.223
519,Noni,Wilacot,nwilacotee@wiley.com,Female,59.51.217.181
520,Laurie,Lemm,llemmef@wikipedia.org,Female,157.243.4.32
521,Tarra,Obin,tobineg@flavors.me,Female,110.159.38.239
522,Clarey,Stirzaker,cstirzakereh@i2i.jp,Polygender,234.129.46.35
523,Mathian,McNalley,mmcnalleyei@un.org,Male,197.136.80.193
524,Berty,Straniero,bstranieroej@state.tx.us,Genderfluid,209.105.87.79
525,Kurt,Wainscoat,kwainscoatek@qq.com,Male,164.55.227.74
526,Zara,Bullent,zbullentel@ifeng.com,Female,0.187.149.27
527,Georgetta,McKiernan,gmckiernanem@latimes.com,Female,247.232.177.210
528,Milzie,McGarvey,mmcgarveyen@dmoz.org,Female,181.26.102.213
529,Sandro,Gradly,sgradlyeo@hud.gov,Male,1.191.198.7
530,Vittorio,Hansemann,vhansemannep@homestead.com,Male,122.61.230.105
531,Evie,Duligall,eduligalleq@plala.or.jp,Female,80.27.56.222
532,Odelia,Weatherby,oweatherbyer@wordpress.org,Female,82.186.211.109
533,Justina,Porcas,jporcases@canalblog.com,Female,42.34.84.72
534,Rayna,Waycott,rwaycottet@businessinsider.com,Female,171.246.108.37
535,Byrle,Stracey,bstraceyeu@who.int,Male,0.157.182.51
536,Candy,Wendover,cwendoverev@github.com,Female,115.121.185.68
537,Cami,Langran,clangranew@marriott.com,Female,255.189.175.188
538,Sutherlan,Dewen,sdewenex@wordpress.org,Male,196.52.69.192
539,Rosalyn,O' Finan,rofinaney@typepad.com,Female,246.188.116.183
540,Clay,Beranek,cberanekez@icio.us,Male,87.248.99.56
541,Barn,Yeowell,byeowellf0@macromedia.com,Male,61.243.235.215
542,Isidora,Quick,iquickf1@discovery.com,Polygender,184.82.0.64
543,Simonne,Kollasch,skollaschf2@i2i.jp,Female,176.191.149.151
544,Katalin,Abrahmson,kabrahmsonf3@craigslist.org,Female,204.28.80.187
545,Sybilla,Wiggans,swiggansf4@1688.com,Female,226.124.41.63
546,Cyrus,Branigan,cbraniganf5@digg.com,Male,100.193.186.139
547,Rickard,Mucci,rmuccif6@wunderground.com,Male,248.25.28.27
548,Jeth,Kemball,jkemballf7@virginia.edu,Male,103.2.223.146
549,Jacob,Sergeant,jsergeantf8@loc.gov,Male,245.207.124.17
550,Boris,Fibbens,bfibbensf9@zdnet.com,Non-binary,60.249.219.147
551,Ulrika,Simonassi,usimonassifa@redcross.org,Female,106.89.96.60
552,Tersina,Grafhom,tgrafhomfb@cocolog-nifty.com,Female,97.81.98.201
553,Faina,Cicculi,fcicculifc@skype.com,Female,197.59.82.72
554,Winnah,Camillo,wcamillofd@vk.com,Female,244.180.79.155
555,Leopold,Smethurst,lsmethurstfe@umich.edu,Male,198.69.104.32
556,Trina,Kynoch,tkynochff@booking.com,Female,140.99.75.0
557,Doug,Jellman,djellmanfg@mail.ru,Male,255.154.127.180
558,Edin,Crayden,ecraydenfh@independent.co.uk,Female,7.164.120.51
559,Artus,Lemmens,alemmensfi@sbwire.com,Male,65.230.237.245
560,Raul,Bockett,rbockettfj@unc.edu,Male,160.219.88.17
561,Sauveur,Danihelka,sdanihelkafk@1688.com,Male,43.111.16.206
562,Pru,Girone,pgironefl@networksolutions.com,Female,244.253.75.81
563,Cybill,Hehnke,chehnkefm@odnoklassniki.ru,Female,208.27.19.94
564,Maurie,Idiens,midiensfn@hostgator.com,Male,27.250.205.23
565,Hardy,Searston,hsearstonfo@domainmarket.com,Male,170.23.12.208
566,Burt,Samter,bsamterfp@over-blog.com,Male,235.114.82.38
567,Pepita,Cutford,pcutfordfq@prweb.com,Female,115.186.232.125
568,Zedekiah,Tolley,ztolleyfr@google.de,Agender,168.48.226.45
569,Oneida,Albutt,oalbuttfs@booking.com,Female,0.48.26.14
570,Emylee,Dufer,eduferft@blogtalkradio.com,Female,54.52.108.160
571,Horacio,Sheryn,hsherynfu@prnewswire.com,Male,120.128.56.26
572,Garvy,Palek,gpalekfv@de.vu,Male,55.115.198.64
573,Regina,Bleby,rblebyfw@live.com,Female,217.243.143.143
574,Bruno,Melia,bmeliafx@infoseek.co.jp,Male,141.191.3.220
575,Duane,Mallinder,dmallinderfy@canalblog.com,Male,229.1.227.169
576,Even,Raggett,eraggettfz@google.com.br,Male,210.45.213.88
577,Rodrigo,Plant,rplantg0@vimeo.com,Male,216.126.164.30
578,Joseph,Hatchell,jhatchellg1@tumblr.com,Male,135.62.40.230
579,Grazia,Braam,gbraamg2@biglobe.ne.jp,Female,84.139.48.6
580,Goran,Rankcom,grankcomg3@canalblog.com,Male,200.140.244.187
581,Ermina,Eakins,eeakinsg4@a8.net,Female,140.222.180.172
582,Raynard,Cham,rchamg5@networksolutions.com,Male,231.28.142.196
583,Silvano,Polkinghorne,spolkinghorneg6@hp.com,Male,141.103.218.207
584,Nathalie,Cassey,ncasseyg7@mac.com,Female,71.106.98.32
585,Joanne,Gosden,jgosdeng8@usa.gov,Polygender,241.82.90.145
586,Gayler,Westerman,gwestermang9@si.edu,Male,217.21.19.193
587,Leonidas,Farrent,lfarrentga@cpanel.net,Male,55.236.45.111
588,Hatti,Shand,hshandgb@statcounter.com,Female,64.31.198.95
589,Wyndham,Yeatman,wyeatmangc@springer.com,Male,114.60.20.200
590,Willetta,Pattillo,wpattillogd@mozilla.org,Non-binary,54.31.138.80
591,Gabriell,Suddards,gsuddardsge@mail.ru,Female,3.40.146.229
592,Sherwynd,Fairbeard,sfairbeardgf@163.com,Male,247.207.92.237
593,Neils,Byng,nbynggg@alibaba.com,Male,197.124.23.202
594,Myrilla,Crebott,mcrebottgh@indiegogo.com,Female,10.194.119.53
595,Goddart,Copas,gcopasgi@google.nl,Male,69.250.210.222
596,Corney,Chinnock,cchinnockgj@mail.ru,Male,127.161.186.146
597,Sayre,Davie,sdaviegk@fc2.com,Male,228.133.79.246
598,Gelya,Jeaves,gjeavesgl@mayoclinic.com,Female,13.45.114.41
599,Wake,Padley,wpadleygm@nyu.edu,Genderfluid,152.191.84.136
600,Alberto,Salter,asaltergn@chronoengine.com,Male,190.174.255.44
601,Fabe,Shipley,fshipleygo@foxnews.com,Male,80.64.106.31
602,Linnea,Aldersey,lalderseygp@ning.com,Female,167.44.23.34
603,Chip,Grise,cgrisegq@yahoo.com,Male,1.155.138.88
604,Goldarina,Jacks,gjacksgr@youku.com,Female,228.239.10.240
605,Lalo,Wrightham,lwrighthamgs@smugmug.com,Male,53.155.214.51
606,Davina,Berrane,dberranegt@geocities.com,Non-binary,25.145.103.48
607,Laureen,Rubes,lrubesgu@phpbb.com,Female,138.132.132.153
608,Gabrila,Rist,gristgv@pbs.org,Female,22.147.153.111
609,Dimitry,Blockwell,dblockwellgw@booking.com,Male,160.51.32.220
610,Bill,Gorch,bgorchgx@netlog.com,Female,128.179.43.109
611,Clerc,Yackiminie,cyackiminiegy@arizona.edu,Male,114.242.104.143
612,Juliann,Lanfranconi,jlanfranconigz@yolasite.com,Female,238.220.237.146
613,Earl,Copes,ecopesh0@dmoz.org,Male,118.222.33.167
614,Avrit,Spurge,aspurgeh1@intel.com,Female,138.9.77.244
615,Olympe,Gilstin,ogilstinh2@apple.com,Female,222.205.83.45
616,Douglass,Hasell,dhasellh3@shutterfly.com,Male,139.179.207.145
617,Allsun,Mathis,amathish4@wp.com,Female,40.204.27.12
618,Marya,O'Fallon,mofallonh5@simplemachines.org,Agender,136.75.2.188
619,Aldwin,Sprankling,aspranklingh6@telegraph.co.uk,Male,170.180.242.175
620,Cobby,Shower,cshowerh7@icq.com,Male,204.115.249.113
621,Coleen,Jarmaine,cjarmaineh8@devhub.com,Female,186.62.88.122
622,Denys,Urlich,durlichh9@wordpress.com,Male,69.76.60.173
623,Alvy,Ivanin,aivaninha@1und1.de,Male,170.194.217.208
624,Sarah,Clemens,sclemenshb@cloudflare.com,Non-binary,180.26.122.157
625,Boycie,Marler,bmarlerhc@japanpost.jp,Male,204.166.144.201
626,Dana,Dossantos,ddossantoshd@time.com,Female,198.24.74.58
627,Ernesta,Wolfenden,ewolfendenhe@washingtonpost.com,Female,15.31.172.150
628,Ezmeralda,Lorroway,elorrowayhf@fc2.com,Female,142.17.173.85
629,Palmer,Elijah,pelijahhg@chicagotribune.com,Male,236.189.152.22
630,Florette,Nott,fnotthh@go.com,Genderqueer,69.137.198.132
631,Galina,Blonden,gblondenhi@nature.com,Female,154.129.68.58
632,Marlow,Calvie,mcalviehj@ovh.net,Male,39.172.238.84
633,Emili,Ellison,eellisonhk@archive.org,Female,124.161.64.127
634,Melanie,Egar,megarhl@spotify.com,Female,191.218.124.80
635,Roscoe,Whittier,rwhittierhm@taobao.com,Male,170.246.21.230
636,Ginger,Eringey,geringeyhn@sakura.ne.jp,Male,114.132.245.119
637,Hadleigh,Placide,hplacideho@wordpress.com,Male,142.199.71.88
638,Tabbie,Trevallion,ttrevallionhp@google.nl,Male,9.32.86.74
639,Adriena,Macon,amaconhq@lulu.com,Female,225.231.32.207
640,Mattheus,Askew,maskewhr@engadget.com,Male,72.1.3.34
641,Evonne,Durker,edurkerhs@privacy.gov.au,Bigender,235.79.8.86
642,Mireielle,Sicily,msicilyht@admin.ch,Female,225.15.29.88
643,Sonnie,Hallgath,shallgathhu@forbes.com,Female,190.101.38.143
644,Oby,Teacy,oteacyhv@barnesandnoble.com,Male,84.113.161.197
645,Gerardo,Gillibrand,ggillibrandhw@gov.uk,Male,11.105.57.69
646,Stewart,Glendzer,sglendzerhx@desdev.cn,Male,224.59.185.252
647,Nonah,Fronek,nfronekhy@yellowbook.com,Genderfluid,196.246.45.128
648,Durante,Rylstone,drylstonehz@pbs.org,Male,140.131.179.180
649,Estrella,Geikie,egeikiei0@joomla.org,Female,0.215.202.223
650,Arron,Kopke,akopkei1@abc.net.au,Male,185.89.225.121
651,Edy,Jacobbe,ejacobbei2@amazon.de,Female,54.10.97.159
652,Betteanne,Kidgell,bkidgelli3@skyrock.com,Female,127.127.248.222
653,Laural,O'Cullinane,locullinanei4@washingtonpost.com,Non-binary,191.128.90.152
654,Sheila,Panswick,spanswicki5@dmoz.org,Female,36.3.173.52
655,Freddie,Stack,fstacki6@yahoo.com,Female,84.28.166.3
656,Christiana,Dadge,cdadgei7@miitbeian.gov.cn,Female,169.113.4.63
657,Nonah,Morrilly,nmorrillyi8@nih.gov,Female,232.90.221.122
658,Franky,Silverton,fsilvertoni9@theatlantic.com,Polygender,115.28.120.230
659,Adda,Showt,ashowtia@illinois.edu,Female,65.92.81.255
660,Franni,Chasmer,fchasmerib@mapy.cz,Female,52.80.25.88
661,Harvey,Liebmann,hliebmannic@paginegialle.it,Male,204.215.230.235
662,Teodoor,Presshaugh,tpresshaughid@nps.gov,Male,121.115.240.24
663,Natividad,Darlow,ndarlowie@meetup.com,Female,78.160.45.197
664,Bell,Camillo,bcamilloif@pen.io,Female,32.111.167.203
665,Daloris,Rabat,drabatig@wiley.com,Female,133.86.47.159
666,Aida,Tumility,atumilityih@blogs.com,Female,204.13.7.164
667,Linda,Gasnoll,lgasnollii@simplemachines.org,Genderqueer,66.45.19.254
668,Saunder,Philliskirk,sphilliskirkij@phpbb.com,Male,150.73.104.171
669,Barret,Stocker,bstockerik@pen.io,Male,21.200.65.187
670,Lennard,Goggin,lgogginil@hugedomains.com,Male,245.178.231.158
671,Matelda,Ridwood,mridwoodim@sogou.com,Female,162.132.16.130
672,Elayne,Lisett,elisettin@cafepress.com,Genderfluid,226.153.156.145
673,Ingeborg,Dalyell,idalyellio@ning.com,Female,72.192.93.1
674,Beverley,Chelnam,bchelnamip@disqus.com,Female,141.98.107.70
675,Brendon,Louiset,blouisetiq@abc.net.au,Male,143.132.216.37
676,Nariko,Dowsing,ndowsingir@craigslist.org,Female,23.200.243.116
677,Judie,Mordan,jmordanis@prlog.org,Female,253.123.15.107
678,Gerome,Rosie,grosieit@mysql.com,Male,238.101.31.172
679,Arron,Winterborne,awinterborneiu@dagondesign.com,Male,217.69.103.131
680,Kiley,Pharo,kpharoiv@imageshack.us,Male,245.75.116.31
681,Rustie,Cokly,rcoklyiw@github.io,Male,123.67.46.3
682,Lonee,Jillitt,ljillittix@bizjournals.com,Female,3.109.195.77
683,Frankie,Storch,fstorchiy@yandex.ru,Female,142.162.164.97
684,Patty,Swaffield,pswaffieldiz@technorati.com,Male,53.251.80.204
685,Austin,Thewlis,athewlisj0@cloudflare.com,Male,129.86.130.173
686,Worden,Minerdo,wminerdoj1@eventbrite.com,Male,56.235.216.0
687,Jarrad,MacMeanma,jmacmeanmaj2@mapy.cz,Male,156.227.227.204
688,Phylis,Eckels,peckelsj3@canalblog.com,Female,229.208.42.223
689,Rudolfo,Tassel,rtasselj4@ameblo.jp,Male,184.98.42.183
690,Klaus,Struys,kstruysj5@vinaora.com,Male,43.201.23.127
691,Tatiania,Overell,toverellj6@biglobe.ne.jp,Female,66.245.114.38
692,Emilia,Weymont,eweymontj7@ezinearticles.com,Female,155.216.221.64
693,Dorey,Everal,deveralj8@blogs.com,Female,141.243.65.203
694,Selia,Gundry,sgundryj9@mac.com,Female,209.225.226.108
695,Mitchel,Larway,mlarwayja@arstechnica.com,Male,221.70.236.156
696,Rene,Battershall,rbattershalljb@discovery.com,Male,84.226.12.136
697,Sabra,Jossel,sjosseljc@paginegialle.it,Female,121.234.94.43
698,Jemimah,Long,jlongjd@livejournal.com,Female,222.234.80.220
699,Garek,Oliffe,goliffeje@t.co,Male,122.64.44.99
700,Joell,Halewood,jhalewoodjf@facebook.com,Female,165.219.100.137
701,Jordan,Burges,jburgesjg@webs.com,Male,148.197.42.58
702,Sloan,Secker,sseckerjh@blogger.com,Male,244.86.62.172
703,Annmarie,Demangeot,ademangeotji@soundcloud.com,Female,116.72.15.196
704,Alfonso,Ruck,aruckjj@rediff.com,Male,186.22.153.93
705,Land,McGilleghole,lmcgillegholejk@prnewswire.com,Male,32.85.60.31
706,Dall,De Micoli,ddemicolijl@phoca.cz,Male,114.160.137.100
707,Oswald,Fochs,ofochsjm@biblegateway.com,Genderfluid,66.69.183.59
708,Welch,Bruun,wbruunjn@example.com,Male,137.173.200.83
709,Granville,Tarbath,gtarbathjo@ca.gov,Male,139.235.242.250
710,Zebulon,Fretson,zfretsonjp@xrea.com,Male,47.245.250.241
711,Shir,Cod,scodjq@stumbleupon.com,Female,56.225.200.245
712,Genovera,Passie,gpassiejr@tumblr.com,Female,58.87.248.223
713,Alli,Oxbe,aoxbejs@disqus.com,Female,65.176.209.48
714,Chrissie,Kennagh,ckennaghjt@mashable.com,Female,11.52.50.90
715,Luci,Adame,ladameju@businesswire.com,Female,41.78.231.162
716,Cherlyn,Ezzle,cezzlejv@soundcloud.com,Female,123.244.18.172
717,Bryn,Zapater,bzapaterjw@wiley.com,Male,117.239.153.220
718,Mandel,Tyrone,mtyronejx@tripod.com,Male,97.187.143.131
719,Rosamund,Fleming,rflemingjy@delicious.com,Female,221.252.252.6
720,Margette,Wellings,mwellingsjz@theatlantic.com,Female,144.53.53.14
721,Elmo,Girkins,egirkinsk0@hud.gov,Male,226.90.182.235
722,Herb,Joskowicz,hjoskowiczk1@people.com.cn,Male,4.85.49.63
723,Newton,Oulet,nouletk2@yellowbook.com,Male,253.91.189.143
724,Reagen,Goschalk,rgoschalkk3@smugmug.com,Male,167.130.148.146
725,Cyrus,Dulake,cdulakek4@shareasale.com,Polygender,88.188.88.123
726,Salvidor,Donnell,sdonnellk5@abc.net.au,Male,96.36.21.208
727,Dudley,Armatidge,darmatidgek6@answers.com,Bigender,169.29.70.138
728,Cesaro,Francesc,cfrancesck7@w3.org,Genderqueer,112.103.154.20
729,Sydney,Geertsen,sgeertsenk8@auda.org.au,Male,118.85.166.146
730,Fleming,Andrioli,fandriolik9@omniture.com,Male,142.221.108.182
731,Tuck,Howison,thowisonka@wordpress.com,Male,93.53.184.117
732,Ricki,Oylett,roylettkb@google.it,Genderfluid,102.184.188.92
733,Aloise,Blanchet,ablanchetkc@amazonaws.com,Female,76.21.187.80
734,Garwood,Bust,gbustkd@nyu.edu,Bigender,102.30.6.133
735,Jacquenetta,Hopkynson,jhopkynsonke@exblog.jp,Female,164.106.188.120
736,Maridel,Fretwell,mfretwellkf@twitter.com,Female,199.120.55.102
737,Teddie,Skeleton,tskeletonkg@house.gov,Female,116.233.106.113
738,Justin,Anan,janankh@theglobeandmail.com,Male,132.21.49.210
739,Emiline,Hallede,ehalledeki@census.gov,Female,156.161.82.138
740,Carmine,Dorow,cdorowkj@weather.com,Male,118.118.251.34
741,Quintus,Pasfield,qpasfieldkk@microsoft.com,Agender,214.140.4.26
742,Vassili,Caruth,vcaruthkl@oakley.com,Male,243.249.57.42
743,Odey,Franckton,ofrancktonkm@nba.com,Male,59.216.197.52
744,Andros,Kenyon,akenyonkn@alexa.com,Male,253.234.141.142
745,Matthieu,Heighway,mheighwayko@pagesperso-orange.fr,Male,58.229.80.135
746,Whitby,Spellsworth,wspellsworthkp@npr.org,Male,194.229.12.100
747,Giffy,Fritter,gfritterkq@ebay.com,Male,86.215.116.107
748,Lucine,Faull,lfaullkr@jigsy.com,Female,53.171.60.28
749,Rosanna,Belitz,rbelitzks@arstechnica.com,Female,77.160.232.116
750,Irvine,Bischoff,ibischoffkt@wikipedia.org,Male,156.5.113.9
751,Dayle,Jacobbe,djacobbeku@unblog.fr,Female,223.54.6.174
752,Dallis,Joly,djolykv@indiegogo.com,Genderqueer,27.110.198.44
753,Rudolph,De Vries,rdevrieskw@springer.com,Male,45.11.215.231
754,Morgen,Cardenosa,mcardenosakx@cnn.com,Genderqueer,245.224.12.207
755,Eddy,Ethington,eethingtonky@nydailynews.com,Genderfluid,12.133.86.20
756,Barnie,Attew,battewkz@discovery.com,Male,214.68.42.127
757,Noble,Cottu,ncottul0@fda.gov,Male,223.180.23.129
758,Amandy,Haggleton,ahaggletonl1@cam.ac.uk,Female,60.190.101.108
759,Errick,Melrose,emelrosel2@pen.io,Male,74.25.74.114
760,Bill,Bisson,bbissonl3@spotify.com,Female,162.184.74.42
761,Wallache,McClancy,wmcclancyl4@etsy.com,Male,72.78.161.158
762,Ashlan,Verlander,averlanderl5@topsy.com,Female,255.163.111.129
763,Mohandis,Yoseloff,myoseloffl6@hibu.com,Male,93.182.2.43
764,Marlo,Penwright,mpenwrightl7@trellian.com,Male,88.39.253.251
765,Brett,Mogey,bmogeyl8@dagondesign.com,Male,112.194.37.54
766,Darren,Larvor,dlarvorl9@sogou.com,Male,204.210.174.30
767,Dore,Batteson,dbattesonla@nhs.uk,Female,119.72.147.216
768,Bing,Dyball,bdyballlb@ibm.com,Male,132.85.108.166
769,Andris,Kocher,akocherlc@ebay.com,Male,59.108.3.126
770,Zacharias,Sudran,zsudranld@unc.edu,Male,79.185.192.135
771,Flynn,Kiellor,fkiellorle@mayoclinic.com,Male,211.119.237.212
772,Rickie,Jessop,rjessoplf@china.com.cn,Female,149.159.251.205
773,Lancelot,Culbard,lculbardlg@cpanel.net,Male,22.117.224.206
774,Nefen,Girdlestone,ngirdlestonelh@mediafire.com,Male,197.6.226.188
775,Alister,Volkers,avolkersli@altervista.org,Male,207.1.31.85
776,Lavina,Rainsdon,lrainsdonlj@latimes.com,Female,125.38.56.97
777,Deana,Littlefair,dlittlefairlk@pcworld.com,Female,116.168.201.16
778,Thom,Rabbage,trabbagell@squarespace.com,Genderqueer,160.148.114.206
779,Hermy,Siggin,hsigginlm@myspace.com,Male,84.186.169.0
780,Aurelia,Churchill,achurchillln@quantcast.com,Female,78.131.128.101
781,Gabi,Barkas,gbarkaslo@dyndns.org,Male,229.50.252.133
782,Mab,McInulty,mmcinultylp@nationalgeographic.com,Female,106.132.104.86
783,Max,Mallindine,mmallindinelq@thetimes.co.uk,Non-binary,2.59.215.160
784,Doug,Schimann,dschimannlr@dailymotion.com,Male,174.196.44.76
785,Clair,Blaksley,cblaksleyls@berkeley.edu,Female,244.197.111.92
786,Marika,Heggman,mheggmanlt@unblog.fr,Female,238.201.245.217
787,Alexio,Rimmer,arimmerlu@google.ca,Genderqueer,222.73.67.252
788,Naoma,Kerwen,nkerwenlv@nbcnews.com,Female,75.25.104.231
789,Dodi,Fallon,dfallonlw@studiopress.com,Female,141.77.124.22
790,Darelle,Brunicke,dbrunickelx@odnoklassniki.ru,Female,172.108.200.111
791,Decca,Aizikovitz,daizikovitzly@w3.org,Male,62.130.151.246
792,Karissa,Wanek,kwaneklz@taobao.com,Female,149.224.171.1
793,Cyrille,MacEvilly,cmacevillym0@hugedomains.com,Male,88.230.28.46
794,Ronda,Dodman,rdodmanm1@cocolog-nifty.com,Female,118.72.35.45
795,Leta,Trousdell,ltrousdellm2@jimdo.com,Female,126.183.208.45
796,Lauren,Deme,ldemem3@squarespace.com,Bigender,49.223.255.246
797,Curry,Mundell,cmundellm4@domainmarket.com,Male,146.85.72.199
798,Clay,Stephens,cstephensm5@weather.com,Agender,255.152.211.229
799,Kakalina,Vesque,kvesquem6@list-manage.com,Female,117.149.153.14
800,Bat,Vogeler,bvogelerm7@qq.com,Male,219.87.191.204
801,Yvette,Hartley,yhartleym8@ocn.ne.jp,Female,36.152.40.6
802,Milly,Andreacci,mandreaccim9@scientificamerican.com,Female,212.80.255.207
803,Nickola,Hakonsson,nhakonssonma@google.ca,Male,216.92.78.32
804,Row,Ascrofte,rascroftemb@boston.com,Female,44.161.185.202
805,Sabina,Crafter,scraftermc@europa.eu,Female,124.230.32.170
806,Ely,Habden,ehabdenmd@google.com,Male,224.126.191.66
807,Silvester,Barwick,sbarwickme@acquirethisname.com,Male,217.173.85.139
808,Dorry,Dawkes,ddawkesmf@miitbeian.gov.cn,Female,229.133.52.115
809,Kira,Gokes,kgokesmg@walmart.com,Non-binary,187.65.153.24
810,Mair,Sooper,msoopermh@elpais.com,Genderqueer,127.28.203.249
811,Caddric,Schoolfield,cschoolfieldmi@about.com,Male,182.163.222.52
812,Stanly,Penhalurick,spenhalurickmj@tinypic.com,Male,104.109.15.57
813,Brooks,Humberstone,bhumberstonemk@boston.com,Polygender,46.77.71.179
814,Beatriz,Staterfield,bstaterfieldml@alexa.com,Female,3.202.54.97
815,Ricard,Lavens,rlavensmm@parallels.com,Male,136.138.60.13
816,Bobby,Halloway,bhallowaymn@odnoklassniki.ru,Female,94.180.188.238
817,Hanson,Pretley,hpretleymo@cnbc.com,Agender,85.167.209.131
818,Roobbie,Hubane,rhubanemp@google.pl,Female,102.8.70.244
819,Llewellyn,Biaggelli,lbiaggellimq@independent.co.uk,Male,134.174.174.52
820,Palmer,Searsby,psearsbymr@qq.com,Male,130.172.4.40
821,Marguerite,Caunce,mcauncems@spotify.com,Female,182.107.233.194
822,Marlene,Cant,mcantmt@toplist.cz,Female,49.197.198.57
823,Lynnell,Fowell,lfowellmu@example.com,Genderfluid,251.198.198.226
824,Vittorio,Ferrini,vferrinimv@scribd.com,Polygender,217.109.68.177
825,Dorene,Finan,dfinanmw@harvard.edu,Female,42.122.68.222
826,Paddie,Abrahamovitz,pabrahamovitzmx@gnu.org,Agender,27.58.255.144
827,Pamelina,Elliker,pellikermy@nydailynews.com,Female,172.130.4.14
828,Bernelle,Pingston,bpingstonmz@wired.com,Female,21.182.34.38
829,Guglielmo,Bottleson,gbottlesonn0@joomla.org,Male,252.58.76.46
830,Georgianna,Grigorkin,ggrigorkinn1@earthlink.net,Female,101.209.35.245
831,Alicea,Borrill,aborrilln2@spotify.com,Genderqueer,80.161.24.97
832,Brannon,Bleazard,bbleazardn3@miibeian.gov.cn,Male,49.236.142.99
833,Vernon,Holttom,vholttomn4@php.net,Male,213.55.35.13
834,Monroe,Tigner,mtignern5@theatlantic.com,Male,236.143.88.238
835,Carlita,Bromehead,cbromeheadn6@time.com,Female,134.211.145.150
836,Barnard,Preedy,bpreedyn7@surveymonkey.com,Male,241.219.112.5
837,Dana,Jann,djannn8@moonfruit.com,Male,17.169.235.193
838,Hew,Landsberg,hlandsbergn9@tmall.com,Male,68.193.65.9
839,Andree,McKellen,amckellenna@pbs.org,Female,249.168.90.50
840,Vanya,Kalaher,vkalahernb@jugem.jp,Male,148.245.21.197
841,Orelee,Trevon,otrevonnc@hexun.com,Female,179.29.119.22
842,Sterne,Blackley,sblackleynd@sina.com.cn,Male,159.224.185.143
843,Daren,Hinkes,dhinkesne@miibeian.gov.cn,Male,56.128.40.21
844,Hobie,Sodory,hsodorynf@spotify.com,Male,208.215.160.69
845,Locke,MacGillacolm,lmacgillacolmng@1und1.de,Male,41.178.98.190
846,Kate,Niland,knilandnh@forbes.com,Female,255.231.230.96
847,Winne,Abramowitch,wabramowitchni@diigo.com,Female,70.227.121.139
848,Yard,Larrington,ylarringtonnj@cam.ac.uk,Male,17.65.167.30
849,Carine,Hopkins,chopkinsnk@hibu.com,Polygender,88.204.225.204
850,Edmon,Caller,ecallernl@un.org,Male,71.211.142.247
851,Andreas,Stockdale,astockdalenm@squidoo.com,Male,28.136.186.237
852,Juan,Whitehorne,jwhitehornenn@topsy.com,Male,73.118.60.161
853,Helyn,Kemster,hkemsterno@alexa.com,Female,147.180.50.183
854,Sophia,Albion,salbionnp@umich.edu,Female,160.187.183.42
855,Verile,Prest,vprestnq@vk.com,Female,130.210.226.150
856,Krishna,Brachell,kbrachellnr@wikimedia.org,Male,221.57.103.97
857,Andie,Achromov,aachromovns@goo.ne.jp,Female,7.254.63.39
858,Rickert,Addenbrooke,raddenbrookent@networkadvertising.org,Male,129.119.82.9
859,Rafi,Hofton,rhoftonnu@wordpress.com,Male,120.238.241.229
860,Linn,Paolacci,lpaolaccinv@zimbio.com,Male,175.93.164.57
861,Annmaria,Tutill,atutillnw@theatlantic.com,Female,187.190.144.220
862,Tamar,Baumer,tbaumernx@vimeo.com,Female,82.110.21.236
863,Salim,Cure,scureny@de.vu,Male,117.224.63.48
864,Parrnell,Chadbourn,pchadbournnz@bloomberg.com,Non-binary,211.150.189.39
865,Judie,Seeler,jseelero0@squidoo.com,Female,150.189.112.141
866,Alla,Rzehor,arzehoro1@scientificamerican.com,Female,52.44.251.58
867,Valerie,Flatman,vflatmano2@nbcnews.com,Female,55.107.69.154
868,Michael,McElree,mmcelreeo3@craigslist.org,Male,25.59.108.73
869,Rosamund,Brucker,rbruckero4@ucla.edu,Female,210.123.6.122
870,Othilia,Stallwood,ostallwoodo5@businessinsider.com,Non-binary,201.121.22.95
871,Aryn,Minshaw,aminshawo6@bbb.org,Genderfluid,211.82.115.184
872,Alexis,Beggs,abeggso7@163.com,Male,11.64.91.133
873,Conrado,Brugden,cbrugdeno8@feedburner.com,Male,80.68.55.120
874,Bank,Whitehorn,bwhitehorno9@home.pl,Male,122.190.76.1
875,Lawrence,MacCracken,lmaccrackenoa@flavors.me,Male,135.0.217.78
876,Washington,Yeardsley,wyeardsleyob@1und1.de,Male,210.242.156.27
877,Averil,Berzins,aberzinsoc@drupal.org,Male,31.246.17.179
878,Gallard,Colebourne,gcolebourneod@whitehouse.gov,Male,253.177.140.51
879,Hew,Grushin,hgrushinoe@huffingtonpost.com,Male,251.210.189.181
880,Adlai,Lewsley,alewsleyof@free.fr,Male,35.232.181.43
881,Garrot,Suarez,gsuarezog@slate.com,Male,112.227.161.104
882,Darrel,Kernar,dkernaroh@imgur.com,Male,87.195.3.185
883,Moshe,Skeemer,mskeemeroi@amazon.de,Male,128.178.153.177
884,Garry,Hallowell,ghallowelloj@clickbank.net,Male,23.210.233.51
885,Harris,Cluely,hcluelyok@wiley.com,Male,165.50.55.203
886,Ailbert,Artrick,aartrickol@liveinternet.ru,Male,40.240.243.79
887,Sergeant,Puttick,sputtickom@parallels.com,Male,7.199.228.40
888,Chance,Shand,cshandon@amazon.co.uk,Bigender,22.34.229.5
889,Winonah,Shavel,wshaveloo@hhs.gov,Female,243.128.233.137
890,Tara,Waker,twakerop@ustream.tv,Female,204.103.207.41
891,Romola,Poulgreen,rpoulgreenoq@netscape.com,Female,48.214.42.63
892,Teodoro,Springford,tspringfordor@com.com,Male,133.34.26.169
893,Suzi,Novotni,snovotnios@vimeo.com,Female,43.17.206.60
894,Annabell,Serle,aserleot@cam.ac.uk,Female,91.251.241.121
895,Avril,Ketteringham,aketteringhamou@mozilla.org,Female,96.40.169.195
896,Alfred,Bazire,abazireov@redcross.org,Male,86.127.156.7
897,Franky,Force,fforceow@godaddy.com,Genderfluid,247.30.183.92
898,Archibald,Franey,afraneyox@taobao.com,Male,145.179.143.102
899,Berti,Gavigan,bgaviganoy@macromedia.com,Male,119.239.173.169
900,Park,Slimon,pslimonoz@joomla.org,Male,192.68.184.25
901,Gregoor,Andino,gandinop0@slate.com,Male,52.105.34.250
902,Aila,Coatts,acoattsp1@elegantthemes.com,Female,46.189.236.120
903,Shirlee,Pattenden,spattendenp2@census.gov,Female,33.53.192.182
904,Almeria,Melesk,ameleskp3@yahoo.com,Female,26.53.185.160
905,Harrie,Challace,hchallacep4@qq.com,Female,171.119.37.173
906,Heddi,Bellini,hbellinip5@scientificamerican.com,Female,166.211.123.11
907,Hyatt,Baggally,hbaggallyp6@who.int,Male,98.137.153.28
908,Inez,Costen,icostenp7@a8.net,Female,179.116.155.18
909,Courtney,Colwill,ccolwillp8@mit.edu,Male,167.174.244.134
910,Mycah,Margrett,mmargrettp9@latimes.com,Male,166.47.105.66
911,Lisette,Lauridsen,llauridsenpa@state.tx.us,Female,206.236.131.57
912,Jaime,Ife,jifepb@mozilla.org,Male,63.47.149.54
913,Dimitry,Antusch,dantuschpc@drupal.org,Male,179.172.101.36
914,Brittany,Rego,bregopd@wikimedia.org,Female,156.5.194.27
915,Trey,Cleare,tclearepe@imdb.com,Male,150.127.78.154
916,Noelle,Emblin,nemblinpf@berkeley.edu,Female,65.148.209.148
917,Vilma,Freed,vfreedpg@geocities.jp,Female,130.104.51.111
918,Danita,Tilburn,dtilburnph@umich.edu,Female,231.188.176.199
919,Ignaz,Wernher,iwernherpi@nps.gov,Male,105.4.228.232
920,Jeremie,Rawdales,jrawdalespj@shareasale.com,Genderqueer,89.75.109.149
921,Lauritz,Tezure,ltezurepk@rakuten.co.jp,Male,76.181.137.125
922,Ron,Merwede,rmerwedepl@networksolutions.com,Male,63.246.30.252
923,Vergil,Phettiplace,vphettiplacepm@shinystat.com,Male,176.33.150.101
924,Eugene,Drieu,edrieupn@about.me,Male,90.248.119.62
925,Cart,Coyish,ccoyishpo@google.ca,Genderfluid,236.255.56.105
926,Toby,Boothby,tboothbypp@senate.gov,Female,11.17.150.101
927,Luise,Ajean,lajeanpq@devhub.com,Female,182.165.91.48
928,Aleen,Haugeh,ahaugehpr@usgs.gov,Non-binary,62.130.39.158
929,Petey,Verissimo,pverissimops@printfriendly.com,Male,157.217.45.37
930,Stanislaw,Fawdrie,sfawdriept@freewebs.com,Male,154.48.103.83
931,Rafa,Rideout,rrideoutpu@webmd.com,Female,190.183.156.142
932,Elena,Fewings,efewingspv@acquirethisname.com,Female,19.123.140.63
933,Jase,Di Filippo,jdifilippopw@github.com,Male,229.94.96.10
934,Jillane,Stanway,jstanwaypx@vk.com,Female,100.173.196.77
935,Gaspard,Matuszyk,gmatuszykpy@apple.com,Male,107.134.124.161
936,Sandra,Lusher,slusherpz@upenn.edu,Female,82.87.198.20
937,Gardener,Huniwall,ghuniwallq0@washington.edu,Male,155.189.83.126
938,Glenine,Trass,gtrassq1@va.gov,Female,44.199.26.157
939,Orbadiah,Di Biasi,odibiasiq2@ehow.com,Male,97.203.44.30
940,Ursula,Althrop,ualthropq3@scientificamerican.com,Female,160.244.37.227
941,Patrizio,Housen,phousenq4@dagondesign.com,Male,73.187.101.52
942,Michelina,Plomer,mplomerq5@techcrunch.com,Female,227.253.126.226
943,Ludvig,Liffey,lliffeyq6@gizmodo.com,Male,165.6.59.67
944,Kathi,Coombes,kcoombesq7@hp.com,Female,221.161.0.231
945,Halsy,Cashman,hcashmanq8@japanpost.jp,Male,32.199.249.18
946,Randi,Shillam,rshillamq9@mac.com,Male,236.165.123.127
947,Cherri,Hubner,chubnerqa@eepurl.com,Female,119.220.173.60
948,Paxon,Anshell,panshellqb@wufoo.com,Male,167.166.220.170
949,Jordan,Tinner,jtinnerqc@furl.net,Female,148.36.140.173
950,Tera,Pendle,tpendleqd@google.com.br,Female,111.57.137.127
951,Camila,Boshard,cboshardqe@fotki.com,Female,93.3.138.156
952,Lindon,Peperell,lpeperellqf@nsw.gov.au,Agender,127.131.189.29
953,Jerrilee,McAusland,jmcauslandqg@discuz.net,Female,108.39.67.169
954,Hayyim,Keers,hkeersqh@comsenz.com,Male,200.218.64.87
955,Leupold,McFetrich,lmcfetrichqi@devhub.com,Male,9.22.124.59
956,Allix,Roman,aromanqj@goodreads.com,Female,207.84.145.231
957,Clementius,Parsand,cparsandqk@bizjournals.com,Male,145.150.230.74
958,Jodi,O'Halligan,johalliganql@nydailynews.com,Non-binary,151.109.59.234
959,Germana,Mival,gmivalqm@photobucket.com,Polygender,204.198.144.11
960,Liuka,Tinklin,ltinklinqn@latimes.com,Female,175.65.151.253
961,Ode,Grelak,ogrelakqo@pbs.org,Male,32.254.128.10
962,Car,Imms,cimmsqp@salon.com,Male,232.45.203.199
963,Trefor,Ofield,tofieldqq@acquirethisname.com,Male,121.229.93.98
964,Nial,Petersen,npetersenqr@w3.org,Male,155.72.156.136
965,Renata,Farres,rfarresqs@epa.gov,Female,207.85.71.177
966,Ginger,Castri,gcastriqt@ebay.com,Male,45.213.208.103
967,Nicholas,Stodart,nstodartqu@webmd.com,Male,188.76.38.137
968,Brande,Lewnden,blewndenqv@mail.ru,Female,41.49.76.80
969,Derward,Terzi,dterziqw@jigsy.com,Male,231.94.187.198
970,Tiff,Dunne,tdunneqx@people.com.cn,Genderfluid,119.213.149.54
971,Patrice,Guyonnet,pguyonnetqy@ftc.gov,Male,0.204.168.91
972,Leontine,Fontelles,lfontellesqz@sakura.ne.jp,Female,239.217.15.190
973,Woody,Walcot,wwalcotr0@msn.com,Male,254.71.57.48
974,Katharine,Jacklin,kjacklinr1@narod.ru,Female,79.160.96.51
975,Averell,Bourgour,abourgourr2@posterous.com,Male,7.201.73.10
976,Grannie,Pawle,gpawler3@indiatimes.com,Male,160.150.57.113
977,Cecilio,Tatlow,ctatlowr4@cafepress.com,Male,150.209.117.13
978,Nicholle,Ratke,nratker5@biblegateway.com,Female,101.66.149.120
979,Becca,Grimmer,bgrimmerr6@youtu.be,Female,150.7.121.201
980,Wilton,Alforde,walforder7@gov.uk,Male,59.164.53.193
981,Cassaundra,Windebank,cwindebankr8@noaa.gov,Female,239.158.62.58
982,Tonie,Sell,tsellr9@cocolog-nifty.com,Female,29.186.106.52
983,Gracia,Lovelock,glovelockra@census.gov,Female,203.190.229.99
984,Godard,Markussen,gmarkussenrb@google.it,Polygender,231.217.136.100
985,Ginnifer,Amesbury,gamesburyrc@redcross.org,Female,58.74.79.243
986,Hunt,Yakuntsov,hyakuntsovrd@npr.org,Male,34.128.10.127
987,Maje,Delacote,mdelacotere@youtu.be,Male,149.116.210.3
988,Benjamen,Colleer,bcolleerrf@narod.ru,Male,178.239.134.22
989,Beverlee,Barkshire,bbarkshirerg@arstechnica.com,Female,23.72.80.118
990,Madelaine,Tugwell,mtugwellrh@typepad.com,Female,194.210.70.195
991,Silvio,Ensten,senstenri@senate.gov,Male,81.67.128.123
992,Augustina,Whittam,awhittamrj@amazon.de,Female,9.130.92.151
993,Brigid,Trowler,btrowlerrk@opera.com,Female,120.203.181.252
994,Timotheus,Ellaman,tellamanrl@utexas.edu,Male,181.207.117.2
995,Tybalt,Espinay,tespinayrm@amazon.de,Bigender,193.48.196.95
996,Mellisa,Tomadoni,mtomadonirn@adobe.com,Female,66.155.245.248
997,Loria,Wilmore,lwilmorero@biblegateway.com,Female,19.52.85.146
998,Abel,Lechelle,alechellerp@yahoo.co.jp,Genderfluid,99.151.248.186
999,Faina,Takos,ftakosrq@eventbrite.com,Polygender,182.52.61.133
1000,Jewelle,Jolliff,jjolliffrr@illinois.edu,Female,234.182.63.52
